,SubjectId,chestbreadth,bicristalbreadth
0,10037,274,263
1,10038,261,250
2,10042,287,276
3,10043,269,276
4,10051,305,336
5,10053,285,283
6,10061,278,284
7,10070,294,310
8,10077,236,238
9,10080,292,291
10,10095,297,274
11,10101,304,295
12,10105,298,296
13,10111,293,284
14,10121,280,279
15,10127,275,283
16,10129,270,271
17,10131,261,256
18,10136,296,270
19,10138,270,261
20,10149,308,306
21,10158,287,278
22,10173,244,249
23,10175,296,305
24,10196,276,269
25,10210,294,280
26,10222,266,250
27,11394,255,278
28,11395,308,297
29,11396,263,269
30,11397,273,299
31,11404,273,270
32,11405,284,311
33,11407,304,298
34,11410,312,347
35,11510,274,278
36,11513,272,268
37,11519,242,248
38,11523,299,317
39,11525,274,284
40,11528,282,326
41,11529,294,285
42,11530,270,281
43,11533,301,297
44,11537,281,299
45,11593,288,304
46,11742,283,271
47,11767,277,288
48,11771,274,274
49,11773,264,244
50,11782,271,284
51,11783,313,362
52,11785,310,325
53,11802,305,290
54,11803,291,288
55,11811,294,289
56,11814,256,255
57,11815,276,270
58,11818,268,290
59,11821,269,282
60,11823,266,259
61,11828,300,330
62,11915,269,278
63,11916,312,314
64,11922,272,283
65,11923,278,281
66,11990,287,270
67,11991,275,255
68,11992,312,285
69,11993,264,265
70,11996,247,242
71,12036,257,254
72,12037,265,291
73,12040,276,283
74,12067,299,289
75,12071,276,278
76,12076,294,275
77,12081,293,286
78,12082,314,300
79,12087,277,271
80,12347,312,325
81,12469,315,299
82,12491,274,294
83,12703,265,283
84,12706,281,332
85,12708,233,260
86,12874,299,301
87,12881,260,265
88,12883,274,244
89,12901,242,236
90,12976,257,329
91,13010,262,271
92,13013,270,318
93,13019,234,237
94,13020,298,300
95,13027,276,262
96,13036,270,269
97,13064,308,322
98,13141,279,295
99,13144,249,250
100,13147,296,259
101,13151,283,267
102,13156,264,274
103,13163,302,272
104,13165,270,294
105,13170,236,248
106,13171,267,250
107,13179,297,284
108,13181,252,282
109,13268,274,293
110,13273,267,300
111,13274,253,252
112,13275,270,246
113,13284,282,286
114,13288,299,299
115,13290,270,282
116,13297,292,318
117,13357,297,274
118,13360,266,294
119,13369,276,267
120,13370,284,303
121,13371,249,239
122,13386,275,271
123,13393,295,285
124,13397,246,235
125,13413,278,279
126,13437,270,286
127,13441,259,258
128,13451,266,253
129,13456,260,240
130,13459,255,261
131,13464,286,288
132,13466,270,270
133,13472,260,268
134,13473,278,283
135,13475,242,281
136,13477,254,272
137,13478,283,284
138,13480,293,279
139,13485,265,287
140,13486,295,299
141,13530,245,250
142,13535,264,255
143,13537,248,271
144,13538,258,255
145,13540,257,241
146,13542,307,297
147,13546,256,253
148,13547,253,284
149,13555,250,233
150,13558,268,234
151,13562,257,261
152,13603,262,255
153,13605,282,274
154,13607,236,259
155,13610,262,288
156,13614,256,316
157,13615,273,263
158,13616,243,262
159,13617,239,248
160,13619,287,305
161,13622,279,282
162,13626,267,272
163,13702,260,273
164,13704,263,258
165,13731,255,255
166,13732,272,263
167,13733,246,276
168,13734,265,251
169,13735,245,283
170,13737,295,274
171,13738,283,300
172,13739,254,282
173,13740,254,257
174,13741,267,291
175,13743,311,278
176,13751,304,296
177,13752,270,258
178,13889,286,289
179,13891,279,284
180,13892,238,256
181,13893,245,241
182,13894,318,286
183,13896,286,267
184,13897,261,260
185,13898,291,284
186,13899,263,266
187,13900,276,303
188,13920,280,302
189,13923,264,314
190,14049,275,278
191,14050,264,275
192,14052,250,270
193,14053,276,307
194,14055,271,258
195,14058,266,261
196,14060,252,254
197,14111,265,273
198,14117,265,260
199,14118,303,299
200,14119,280,288
201,14121,274,264
202,14122,256,269
203,14124,265,268
204,14125,272,280
205,14126,240,232
206,14127,284,257
207,14128,268,282
208,14136,300,300
209,14137,262,303
210,14138,247,242
211,14179,252,243
212,14181,269,245
213,14182,279,264
214,14185,268,274
215,14186,277,270
216,14187,247,255
217,14188,240,214
218,14189,272,281
219,14190,279,309
220,14191,264,279
221,14193,239,249
222,14194,276,254
223,14196,246,293
224,14197,273,289
225,14198,257,243
226,14199,248,262
227,14200,295,263
228,14201,244,245
229,14202,289,282
230,14219,293,298
231,14220,268,273
232,14221,265,283
233,14222,271,270
234,14223,217,264
235,14225,265,257
236,14226,262,279
237,14227,265,254
238,14228,254,268
239,14229,241,246
240,14230,257,287
241,14232,283,287
242,14233,273,263
243,14234,284,266
244,14235,276,264
245,14236,248,261
246,14237,290,298
247,14238,274,275
248,14240,264,285
249,14246,275,253
250,14247,238,257
251,14249,232,232
252,14252,276,268
253,14255,267,262
254,14358,283,262
255,14360,258,253
256,14361,263,271
257,14365,294,290
258,14367,275,262
259,14801,242,233
260,14802,258,287
261,14803,254,267
262,14804,264,291
263,14805,304,295
264,14806,270,271
265,14808,303,303
266,14809,273,268
267,14810,260,241
268,14811,277,286
269,14812,282,308
270,14825,266,274
271,14826,291,296
272,14827,259,305
273,14828,284,308
274,14829,266,252
275,15004,244,263
276,15005,283,275
277,15006,263,288
278,15007,300,295
279,15008,266,296
280,15009,262,293
281,15010,244,265
282,15011,267,269
283,15012,249,245
284,15013,316,306
285,15014,261,276
286,15015,256,270
287,15016,274,282
288,15017,253,284
289,15018,255,264
290,15045,269,294
291,15046,264,241
292,15047,242,263
293,15048,252,250
294,15049,301,299
295,15160,274,286
296,15161,236,213
297,15163,247,281
298,15164,297,298
299,15165,253,266
300,15166,277,285
301,15167,242,269
302,15168,259,284
303,15169,282,282
304,15170,260,265
305,15172,303,335
306,15173,293,320
307,15175,309,305
308,15296,265,266
309,15297,291,287
310,16053,267,269
311,16054,262,288
312,16058,257,277
313,16059,288,256
314,16061,249,277
315,16063,270,298
316,16073,260,270
317,16075,270,264
318,16076,242,240
319,16084,278,270
320,16089,248,237
321,16106,283,273
322,16115,286,299
323,16121,260,301
324,16127,253,277
325,16132,276,270
326,16133,259,299
327,16136,213,205
328,16140,290,300
329,16141,241,270
330,16142,247,250
331,16143,245,247
332,16152,263,270
333,16459,264,260
334,16475,258,294
335,16476,248,235
336,16482,267,267
337,16483,274,286
338,16485,261,267
339,16508,247,276
340,16509,301,322
341,16516,289,277
342,16522,274,276
343,16523,303,326
344,16528,299,272
345,16529,245,246
346,16530,256,245
347,16532,287,274
348,16535,260,274
349,16538,267,270
350,16539,251,265
351,16542,270,264
352,16546,250,285
353,16550,248,262
354,16551,295,304
355,16552,256,226
356,16556,298,293
357,16558,274,260
358,16562,295,279
359,16564,281,302
360,16566,300,306
361,16567,298,320
362,16569,271,283
363,16570,264,272
364,16571,287,300
365,16575,274,301
366,16577,246,262
367,16578,267,255
368,16579,276,269
369,16581,271,301
370,16584,307,316
371,16591,264,291
372,16592,263,262
373,16596,268,254
374,16706,277,272
375,16708,274,280
376,16709,311,300
377,16711,248,262
378,16712,270,272
379,16713,305,340
380,16714,239,263
381,16715,261,306
382,16749,277,282
383,16750,270,265
384,16751,281,276
385,16754,288,261
386,16755,293,329
387,16757,286,290
388,16758,251,238
389,16759,258,282
390,16760,270,283
391,16762,296,306
392,16901,273,282
393,16907,281,288
394,16908,260,280
395,16910,256,269
396,16911,314,311
397,16926,264,257
398,16927,326,301
399,16928,250,240
400,16936,272,289
401,16937,231,261
402,16938,267,277
403,16941,291,299
404,17349,274,265
405,17366,263,281
406,17367,254,290
407,17368,264,256
408,17369,290,264
409,17371,248,285
410,17373,272,296
411,17377,269,274
412,17388,265,276
413,17458,274,287
414,17459,262,260
415,17460,289,302
416,17461,295,297
417,17462,293,300
418,17463,296,280
419,17464,239,259
420,17465,268,273
421,17467,277,271
422,17468,279,267
423,17469,285,294
424,17470,285,301
425,17472,283,287
426,17477,275,285
427,17479,245,282
428,17480,258,270
429,17499,290,294
430,17514,302,277
431,17518,285,280
432,17520,313,319
433,17522,268,274
434,17536,303,295
435,17537,259,266
436,17538,306,336
437,17539,240,280
438,17543,255,253
439,17544,259,243
440,17545,284,292
441,17555,303,296
442,17557,266,283
443,17558,286,280
444,17559,257,262
445,17562,294,307
446,17563,262,261
447,17566,262,289
448,17569,275,267
449,17579,300,300
450,17580,275,277
451,17581,259,278
452,17582,260,281
453,17584,264,296
454,17585,234,255
455,17586,260,244
456,17588,256,276
457,17589,251,240
458,17591,263,284
459,17592,255,258
460,17594,265,270
461,17595,252,257
462,17596,289,300
463,17597,287,262
464,17598,285,304
465,17599,305,287
466,17600,281,266
467,17601,283,289
468,17602,285,293
469,17603,270,284
470,17604,277,279
471,17605,260,280
472,17606,313,318
473,17607,266,302
474,17608,280,300
475,17609,309,289
476,17610,295,280
477,17611,261,240
478,17633,243,243
479,17634,307,306
480,17640,263,280
481,17641,295,299
482,17642,247,263
483,17643,270,275
484,17644,265,275
485,17645,260,243
486,17646,246,250
487,17649,280,300
488,17650,249,233
489,17651,281,258
490,17652,266,274
491,17656,267,270
492,17657,275,266
493,17658,258,252
494,17661,264,251
495,17664,247,254
496,17666,295,296
497,17670,263,250
498,17671,273,276
499,17674,264,246
500,17676,273,253
501,17678,256,238
502,17685,296,279
503,17689,273,286
504,17691,284,271
505,17695,290,268
506,17697,253,255
507,17702,286,264
508,17703,285,293
509,17704,268,271
510,17706,263,255
511,17709,241,227
512,17710,270,265
513,17715,285,290
514,17734,261,282
515,17735,266,257
516,17736,268,293
517,17740,269,289
518,17742,268,258
519,17743,269,306
520,17744,251,279
521,17747,275,284
522,17749,262,291
523,17753,244,262
524,17754,260,282
525,17755,273,284
526,17756,296,304
527,17757,259,272
528,17759,288,296
529,17760,272,279
530,17761,287,270
531,17767,229,266
532,17768,253,255
533,17769,262,282
534,17772,241,232
535,17776,272,284
536,17778,251,274
537,17779,254,256
538,17783,272,270
539,17784,265,270
540,17787,273,279
541,17789,283,316
542,17792,285,286
543,17793,274,261
544,17796,274,250
545,17802,290,283
546,17805,257,285
547,17806,307,335
548,17811,289,277
549,17817,254,244
550,17820,304,314
551,17822,271,276
552,17823,297,294
553,17824,263,284
554,17826,272,290
555,17827,256,259
556,17828,275,231
557,17830,289,304
558,17834,268,273
559,17838,269,264
560,17839,284,292
561,17843,257,251
562,17846,287,295
563,17852,266,280
564,17856,303,280
565,17857,278,287
566,17860,265,301
567,17863,274,273
568,17865,256,271
569,17866,249,280
570,17869,264,276
571,17870,241,246
572,17871,282,285
573,17872,286,286
574,17873,263,288
575,17884,234,269
576,17886,254,274
577,17889,257,257
578,17890,264,289
579,17892,289,281
580,17895,262,274
581,17897,272,296
582,17900,268,268
583,17901,246,258
584,17902,243,236
585,17908,256,265
586,17909,259,274
587,17910,261,252
588,17911,270,276
589,17915,258,248
590,17916,256,240
591,17919,261,288
592,17921,306,277
593,17923,270,279
594,17926,278,315
595,17929,275,285
596,17932,265,274
597,17936,274,255
598,17938,262,267
599,17942,338,333
600,17945,283,282
601,17946,260,262
602,17949,262,249
603,17953,264,260
604,17954,253,230
605,17963,295,310
606,17965,307,304
607,17967,255,242
608,17968,261,274
609,17971,272,280
610,17973,262,286
611,17974,269,268
612,17977,281,269
613,17982,282,293
614,17983,287,305
615,17984,269,273
616,17985,251,260
617,17987,292,277
618,17993,273,278
619,17999,270,271
620,18000,294,293
621,18001,254,230
622,18004,251,252
623,18010,278,298
624,18011,252,283
625,18013,260,277
626,18015,250,286
627,18020,293,309
628,18024,286,293
629,18025,282,258
630,18026,275,283
631,18027,255,263
632,18030,248,280
633,18037,287,275
634,18040,280,284
635,18041,267,288
636,18042,262,289
637,18044,262,280
638,18051,240,225
639,18052,252,278
640,18054,295,287
641,18056,244,228
642,18057,276,273
643,18059,277,291
644,18066,300,269
645,18075,260,289
646,18076,244,240
647,18077,258,244
648,18079,253,240
649,18080,241,237
650,18081,263,266
651,18082,264,244
652,18083,274,257
653,18085,303,266
654,18088,305,319
655,18090,237,225
656,18091,304,250
657,18093,258,256
658,18094,271,264
659,18095,296,299
660,18097,278,284
661,18103,285,266
662,18105,249,227
663,18106,253,265
664,18107,277,281
665,18108,291,314
666,18109,258,243
667,18110,227,233
668,18112,241,243
669,18113,281,255
670,18114,238,250
671,18115,266,268
672,18116,280,263
673,18120,244,248
674,18122,246,234
675,18123,250,223
676,18126,251,239
677,18128,268,276
678,18129,258,290
679,18131,283,287
680,18134,266,261
681,18137,273,256
682,18140,285,303
683,18141,286,300
684,18143,234,256
685,18148,283,315
686,18150,256,267
687,18151,262,291
688,18152,286,292
689,18153,256,250
690,18154,248,277
691,18155,270,292
692,18160,269,268
693,18162,268,281
694,18163,240,239
695,18164,262,246
696,18166,262,254
697,18168,249,238
698,18169,284,288
699,18170,295,287
700,18171,254,264
701,18172,258,254
702,18174,278,279
703,18175,273,257
704,18176,237,239
705,18179,262,280
706,18183,243,225
707,18185,269,289
708,18186,245,251
709,18188,266,261
710,18189,273,262
711,18190,254,242
712,18191,255,259
713,18193,271,244
714,18196,242,234
715,18197,240,257
716,18198,272,285
717,18200,275,265
718,18203,245,253
719,18205,233,236
720,18206,262,265
721,18207,263,256
722,18214,248,250
723,18216,258,254
724,18228,273,277
725,18232,285,279
726,18239,264,251
727,18240,247,237
728,18241,259,272
729,18242,265,264
730,18247,256,268
731,18248,268,255
732,18249,244,262
733,18251,255,251
734,18252,293,288
735,18255,255,239
736,18256,249,266
737,18258,260,252
738,18259,265,256
739,18261,241,249
740,18262,250,234
741,18264,244,197
742,18265,289,275
743,18266,264,269
744,18268,228,243
745,18269,248,259
746,18271,252,253
747,18272,266,263
748,18275,242,260
749,18276,245,255
750,18277,257,282
751,18279,240,243
752,18280,237,257
753,18288,236,230
754,18289,248,263
755,18292,268,278
756,18294,278,266
757,18295,259,279
758,18298,278,272
759,18307,252,242
760,18311,241,255
761,18316,263,264
762,18318,253,260
763,18321,258,245
764,18331,290,309
765,18332,262,252
766,18333,273,257
767,18334,289,300
768,18335,255,274
769,18336,303,315
770,18341,275,295
771,18342,296,286
772,18343,275,284
773,18344,267,284
774,18345,283,280
775,18346,268,303
776,18347,260,280
777,18351,268,268
778,18352,251,234
779,18354,295,279
780,18356,260,250
781,18358,258,276
782,18359,267,295
783,18360,273,267
784,18361,267,264
785,18365,268,266
786,18366,269,261
787,18373,256,245
788,18374,263,267
789,18375,248,240
790,18380,276,284
791,18381,238,268
792,18385,260,253
793,18386,241,235
794,18387,273,278
795,18388,249,221
796,18393,258,252
797,18395,238,238
798,18397,267,264
799,18399,251,231
800,18400,248,258
801,18403,250,230
802,18411,255,240
803,18415,270,272
804,18421,275,287
805,18422,268,276
806,18423,269,290
807,18425,262,253
808,18426,268,300
809,18427,275,271
810,18429,258,245
811,18430,248,250
812,18431,249,209
813,18432,252,235
814,18436,245,239
815,18439,277,267
816,18440,256,264
817,18444,257,245
818,18454,242,266
819,18457,263,241
820,18460,275,253
821,18463,287,269
822,18465,240,245
823,18467,276,271
824,18477,268,245
825,18478,246,244
826,18481,237,242
827,18482,262,256
828,18484,265,242
829,18486,245,235
830,18487,270,235
831,18488,244,257
832,18489,261,270
833,18496,265,288
834,18498,247,269
835,18499,288,288
836,18500,221,228
837,18501,254,247
838,18503,272,294
839,18512,272,267
840,18513,245,253
841,18522,276,275
842,18524,291,298
843,18525,272,257
844,18526,266,260
845,18527,238,246
846,18528,253,264
847,18529,242,259
848,18530,278,260
849,18531,254,259
850,18535,276,249
851,18538,263,250
852,18543,270,258
853,18544,248,264
854,18546,265,285
855,18548,254,250
856,18549,254,247
857,18552,240,234
858,18553,245,235
859,18556,274,280
860,18559,254,263
861,18560,258,274
862,18861,251,273
863,20089,262,287
864,20090,269,308
865,20091,280,301
866,20092,283,269
867,20093,268,249
868,20094,288,301
869,20095,252,252
870,20096,324,287
871,20098,259,267
872,20104,254,262
873,20109,275,275
874,20110,277,288
875,20111,257,278
876,20423,269,290
877,20425,245,252
878,20429,234,229
879,20439,257,269
880,20444,283,273
881,20520,263,250
882,20521,278,263
883,20523,282,297
884,20544,249,261
885,20559,283,295
886,20646,266,268
887,20647,285,301
888,20648,277,279
889,20663,248,258
890,20673,292,293
891,20679,279,291
892,20684,280,279
893,20698,263,254
894,20699,283,293
895,20700,259,265
896,21132,244,256
897,21179,267,270
898,21182,273,256
899,21183,250,253
900,21185,275,298
901,21214,261,290
902,21215,236,240
903,21221,268,256
904,21223,270,292
905,21228,244,272
906,21229,260,267
907,21231,280,264
908,21256,275,307
909,21405,249,245
910,21411,265,284
911,21414,258,256
912,21429,250,293
913,21431,240,237
914,21432,247,256
915,21445,287,277
916,21446,268,245
917,21449,240,252
918,21453,238,246
919,21462,282,286
920,21463,302,328
921,21464,283,252
922,21482,261,244
923,21501,312,301
924,21516,254,279
925,21524,262,279
926,21525,270,285
927,21532,253,279
928,21542,213,247
929,21548,268,290
930,21556,278,309
931,21561,258,266
932,21565,257,241
933,21569,267,285
934,21572,285,268
935,21587,271,283
936,21592,275,282
937,21593,279,279
938,21595,250,281
939,21649,264,275
940,21653,273,326
941,21702,290,303
942,21704,283,290
943,21718,257,257
944,21719,260,277
945,21720,243,243
946,21721,250,286
947,21722,288,266
948,21723,277,260
949,21905,270,274
950,21943,267,284
951,21944,278,268
952,22001,263,276
953,22014,249,252
954,22030,298,300
955,22035,295,276
956,22040,282,273
957,22041,260,284
958,22043,254,283
959,22045,267,281
960,22046,294,311
961,22048,257,273
962,22049,338,319
963,22052,267,268
964,22053,257,290
965,22060,259,261
966,22061,275,246
967,22063,260,291
968,22064,269,306
969,22065,290,302
970,22067,293,288
971,22068,283,278
972,22069,303,293
973,22070,270,262
974,22071,267,266
975,22072,268,293
976,22073,238,266
977,22074,267,246
978,22075,258,271
979,22077,282,259
980,22079,290,227
981,22080,248,255
982,22081,270,281
983,22083,258,250
984,22085,272,265
985,22086,259,240
986,22088,280,288
987,22089,257,284
988,22090,310,326
989,22091,259,250
990,22092,278,306
991,22095,256,244
992,22096,249,270
993,22097,269,274
994,22098,288,292
995,22099,243,263
996,22101,226,228
997,22102,293,300
998,23302,259,277
999,23307,250,255
1000,23316,273,290
1001,23318,293,281
1002,23334,278,256
1003,23346,273,255
1004,23347,287,266
1005,23350,263,262
1006,23363,263,263
1007,23633,253,248
1008,23647,249,262
1009,23653,298,287
1010,23660,258,250
1011,23662,255,256
1012,23664,286,271
1013,23816,293,294
1014,23837,246,236
1015,23838,258,254
1016,23839,288,296
1017,23840,276,269
1018,23845,279,316
1019,23848,270,276
1020,23850,270,269
1021,23851,288,253
1022,23852,243,246
1023,23857,286,274
1024,23875,269,266
1025,23884,262,270
1026,23902,258,283
1027,23903,285,296
1028,23905,270,270
1029,23915,287,305
1030,23916,270,270
1031,23930,273,280
1032,23934,261,267
1033,23939,289,292
1034,23940,242,243
1035,23944,266,264
1036,23947,269,266
1037,23954,248,249
1038,23956,280,283
1039,23962,260,283
1040,23970,243,253
1041,23974,258,287
1042,23978,278,299
1043,23990,247,267
1044,23998,285,293
1045,24072,259,260
1046,24074,259,261
1047,24077,289,297
1048,24078,278,285
1049,24087,278,268
1050,24090,280,282
1051,24094,258,252
1052,24095,259,245
1053,24097,258,255
1054,24102,272,258
1055,24103,258,268
1056,24107,264,268
1057,24109,248,239
1058,24110,268,295
1059,24112,263,265
1060,24729,254,280
1061,24732,269,264
1062,24733,250,253
1063,24739,259,252
1064,24740,268,298
1065,24743,239,261
1066,24746,296,304
1067,24782,239,236
1068,24783,249,273
1069,24786,262,266
1070,25023,255,260
1071,25024,250,258
1072,25026,303,304
1073,25031,258,277
1074,25036,289,278
1075,25038,271,252
1076,25039,278,289
1077,25040,255,260
1078,25049,228,201
1079,25050,275,271
1080,25051,276,279
1081,25052,295,270
1082,25060,268,269
1083,25062,283,290
1084,25064,280,281
1085,25071,268,235
1086,25072,280,262
1087,25074,241,278
1088,25082,270,268
1089,25085,287,273
1090,25088,274,290
1091,25091,254,260
1092,25092,241,247
1093,25093,279,298
1094,25094,268,268
1095,25097,290,283
1096,25099,268,252
1097,25100,265,256
1098,25105,233,249
1099,25106,280,270
1100,25116,238,265
1101,25131,265,282
1102,25147,252,258
1103,25180,235,229
1104,25181,263,283
1105,25204,263,258
1106,25209,278,273
1107,25210,246,234
1108,25213,276,260
1109,25215,261,259
1110,25218,261,264
1111,25219,248,250
1112,25221,274,271
1113,25222,299,280
1114,25224,253,285
1115,25225,278,290
1116,25226,268,288
1117,25227,283,291
1118,25235,253,243
1119,25237,276,277
1120,25239,261,274
1121,25241,253,257
1122,25243,244,255
1123,25244,261,251
1124,25248,249,224
1125,25250,263,288
1126,25251,254,235
1127,25252,256,245
1128,25253,283,252
1129,25256,271,244
1130,25258,241,229
1131,25259,264,264
1132,25262,268,274
1133,25263,252,272
1134,25264,298,299
1135,25266,283,276
1136,25268,263,253
1137,25270,262,255
1138,25272,293,278
1139,25277,273,281
1140,25280,267,243
1141,25281,255,233
1142,25282,277,282
1143,25286,276,276
1144,25293,260,261
1145,25294,240,231
1146,25295,306,286
1147,25296,281,266
1148,25300,269,240
1149,25306,306,283
1150,25307,265,240
1151,25313,268,268
1152,25318,276,270
1153,25319,280,275
1154,25321,258,257
1155,25322,282,295
1156,25323,259,263
1157,25324,248,246
1158,25326,280,257
1159,25328,265,283
1160,25330,275,302
1161,25335,274,273
1162,25337,261,254
1163,25338,260,240
1164,25339,247,266
1165,25341,271,271
1166,25342,260,239
1167,25343,268,260
1168,25344,272,250
1169,25349,263,241
1170,25352,260,245
1171,25353,265,257
1172,25356,268,275
1173,25359,305,328
1174,25360,251,237
1175,25361,303,285
1176,25363,265,232
1177,25365,266,258
1178,25366,285,300
1179,25367,273,272
1180,25368,245,245
1181,25370,255,262
1182,25372,259,275
1183,25374,241,266
1184,25378,221,231
1185,25379,268,269
1186,25382,294,255
1187,25383,266,249
1188,25384,272,285
1189,25385,248,275
1190,25388,268,278
1191,25390,278,295
1192,25392,268,260
1193,25395,285,274
1194,25400,260,278
1195,25402,275,282
1196,25408,308,300
1197,25409,243,263
1198,25410,240,251
1199,25417,309,305
1200,25427,303,294
1201,25429,263,295
1202,25431,257,248
1203,25432,250,266
1204,25435,287,304
1205,25437,276,278
1206,25440,263,248
1207,25445,252,285
1208,25446,288,293
1209,25457,245,232
1210,25458,264,296
1211,25462,281,284
1212,25467,268,260
1213,25472,297,298
1214,25474,293,278
1215,25476,287,294
1216,25477,258,260
1217,25479,278,273
1218,25482,287,288
1219,25487,256,247
1220,25489,264,286
1221,25495,300,315
1222,25500,258,268
1223,25501,281,277
1224,25502,279,291
1225,25506,286,279
1226,25509,281,287
1227,25510,279,278
1228,25511,285,278
1229,25515,285,297
1230,25516,281,300
1231,25523,272,285
1232,25524,288,302
1233,25525,300,274
1234,25531,243,254
1235,25533,268,269
1236,25535,281,272
1237,25536,248,253
1238,25540,254,233
1239,25542,274,247
1240,25546,307,330
1241,25547,254,271
1242,25548,265,275
1243,25550,278,323
1244,25551,289,299
1245,25558,264,253
1246,25559,285,278
1247,25564,276,286
1248,25566,270,257
1249,25574,245,248
1250,25577,273,269
1251,25580,263,247
1252,25583,251,255
1253,25587,293,296
1254,25590,286,276
1255,25592,275,251
1256,25594,251,261
1257,25595,269,289
1258,25596,262,265
1259,25601,292,273
1260,25602,247,266
1261,25603,305,305
1262,25606,288,295
1263,25607,299,284
1264,25608,254,256
1265,25609,259,286
1266,25610,234,251
1267,25614,287,270
1268,25619,311,304
1269,25621,243,252
1270,25625,299,257
1271,25627,267,269
1272,25628,265,257
1273,25629,271,278
1274,25630,276,282
1275,25632,247,269
1276,25633,292,267
1277,25637,278,260
1278,25640,302,295
1279,25642,296,306
1280,25643,261,254
1281,25644,307,290
1282,25645,279,281
1283,25646,295,278
1284,25649,245,255
1285,25651,271,273
1286,25653,273,273
1287,25654,283,263
1288,25655,269,272
1289,25656,260,270
1290,25658,259,255
1291,25659,243,238
1292,25661,290,278
1293,25665,264,271
1294,25666,272,264
1295,25674,293,275
1296,25679,257,240
1297,25683,257,233
1298,25686,281,278
1299,25687,245,263
1300,25688,277,270
1301,25689,275,282
1302,25690,241,242
1303,25694,257,262
1304,25695,245,232
1305,25696,234,226
1306,25698,298,288
1307,25699,273,276
1308,25704,302,281
1309,25705,286,299
1310,25706,283,283
1311,25707,305,296
1312,25710,235,259
1313,25712,273,249
1314,25714,298,290
1315,25715,288,287
1316,25717,280,282
1317,25718,278,276
1318,25722,262,227
1319,25729,265,296
1320,25744,299,300
1321,25748,295,282
1322,25751,270,283
1323,25753,273,273
1324,25755,277,254
1325,25756,255,248
1326,25757,301,293
1327,25758,279,241
1328,25760,260,235
1329,25761,246,244
1330,25762,275,283
1331,25764,241,232
1332,25766,280,273
1333,25769,269,268
1334,25770,277,273
1335,25772,254,257
1336,25776,263,273
1337,25777,282,271
1338,25778,321,316
1339,25780,277,290
1340,25781,281,281
1341,25783,312,324
1342,25787,258,245
1343,25791,246,258
1344,25792,265,265
1345,25793,298,284
1346,25794,272,277
1347,25797,258,245
1348,25805,256,260
1349,25808,277,292
1350,25809,284,286
1351,25810,270,278
1352,25812,304,319
1353,25817,316,310
1354,25823,278,300
1355,25825,268,270
1356,25826,265,260
1357,25827,277,272
1358,25828,272,262
1359,25829,278,295
1360,25830,284,278
1361,25831,254,234
1362,25833,255,285
1363,25835,285,250
1364,25837,231,242
1365,25838,318,331
1366,25839,348,343
1367,25846,252,252
1368,25850,278,247
1369,25851,298,309
1370,25852,271,265
1371,25854,278,260
1372,25855,290,284
1373,25859,265,261
1374,25861,248,253
1375,25862,262,260
1376,25866,309,287
1377,25867,289,314
1378,25868,288,307
1379,25869,272,235
1380,25871,255,270
1381,25872,273,268
1382,25873,240,230
1383,25875,277,270
1384,25876,267,253
1385,25877,260,272
1386,25880,247,273
1387,25881,286,269
1388,25882,274,274
1389,25883,265,243
1390,25888,249,273
1391,25890,239,258
1392,25891,251,234
1393,25892,253,251
1394,25894,288,305
1395,25895,301,296
1396,25896,280,272
1397,25901,280,289
1398,25903,278,286
1399,25905,281,252
1400,25906,275,280
1401,25909,293,269
1402,25912,272,261
1403,25913,287,295
1404,25914,251,284
1405,25917,275,262
1406,25920,255,274
1407,25923,287,269
1408,25924,278,294
1409,25926,289,298
1410,25928,298,298
1411,25930,275,281
1412,25933,270,269
1413,25934,263,256
1414,25937,245,260
1415,25939,269,269
1416,25941,304,330
1417,25942,293,336
1418,25943,300,313
1419,25946,309,303
1420,25950,281,260
1421,25952,280,293
1422,25954,302,263
1423,25955,278,277
1424,25958,264,255
1425,25959,268,295
1426,25960,290,279
1427,25962,293,313
1428,25963,275,275
1429,25964,234,302
1430,25967,284,256
1431,25968,292,302
1432,25970,257,269
1433,25973,275,298
1434,25977,283,287
1435,25978,300,301
1436,25979,274,250
1437,25981,276,267
1438,25982,298,286
1439,25985,257,260
1440,25987,288,276
1441,25989,274,286
1442,25995,263,323
1443,25996,306,339
1444,25997,252,232
1445,25998,257,237
1446,25999,279,263
1447,26000,259,236
1448,26002,285,268
1449,26003,264,220
1450,26005,286,283
1451,26011,294,290
1452,26012,284,297
1453,26018,263,286
1454,26021,268,258
1455,26026,284,273
1456,26027,283,292
1457,26029,273,262
1458,26030,266,243
1459,26031,270,259
1460,26032,272,272
1461,26033,261,253
1462,26040,296,292
1463,26041,270,298
1464,26048,268,265
1465,26049,293,295
1466,26051,250,229
1467,26053,284,296
1468,26056,252,264
1469,26061,279,271
1470,26062,286,278
1471,26063,262,258
1472,26066,234,260
1473,26067,294,287
1474,26068,249,259
1475,26070,282,253
1476,26071,260,242
1477,26072,225,212
1478,26073,257,258
1479,26074,256,232
1480,26075,270,286
1481,26076,284,299
1482,26078,271,295
1483,26080,262,270
1484,26081,271,283
1485,26082,279,276
1486,26084,290,300
1487,26086,277,273
1488,26089,262,250
1489,26090,278,293
1490,26091,256,280
1491,26094,285,266
1492,26097,256,275
1493,26098,255,240
1494,26099,274,266
1495,26100,257,240
1496,26102,280,292
1497,26103,278,273
1498,26104,299,281
1499,26106,249,267
1500,26107,243,228
1501,26114,277,272
1502,26121,283,289
1503,26124,262,290
1504,26125,252,234
1505,26126,265,293
1506,26127,285,278
1507,26131,248,283
1508,26132,274,313
1509,26134,267,277
1510,26137,251,272
1511,26138,257,250
1512,27066,290,300
1513,27067,255,264
1514,27068,258,270
1515,27070,240,260
1516,27071,282,275
1517,27072,265,271
1518,27073,268,289
1519,27074,254,264
1520,27075,260,255
1521,27076,248,256
1522,27084,243,260
1523,27086,268,227
1524,27089,253,252
1525,27094,233,241
1526,27099,291,264
1527,27104,284,300
1528,27106,276,293
1529,27107,315,297
1530,27211,245,265
1531,27212,303,294
1532,27213,264,261
1533,27217,257,245
1534,27218,275,286
1535,27220,245,262
1536,27223,267,265
1537,27224,260,251
1538,27228,239,268
1539,27229,260,264
1540,27231,274,285
1541,27232,281,303
1542,27233,288,338
1543,27234,268,275
1544,27236,271,287
1545,27237,266,283
1546,27240,232,229
1547,27241,238,239
1548,27245,249,252
1549,27437,252,274
1550,27438,268,275
1551,27440,232,249
1552,27441,271,280
1553,27442,265,275
1554,27444,270,315
1555,27446,258,298
1556,27447,251,260
1557,27450,261,274
1558,27451,275,264
1559,27452,290,295
1560,27453,242,241
1561,27455,243,237
1562,27459,244,247
1563,27465,269,252
1564,27467,240,255
1565,27468,272,291
1566,27469,285,302
1567,27470,294,325
1568,27472,268,282
1569,27473,273,298
1570,27474,303,295
1571,27475,284,271
1572,27476,258,319
1573,27477,269,274
1574,27479,273,299
1575,27481,277,296
1576,27482,285,313
1577,27484,253,275
1578,27612,277,285
1579,27616,268,270
1580,27618,247,237
1581,27620,281,303
1582,27621,270,251
1583,27623,332,324
1584,27624,247,287
1585,27625,275,263
1586,27629,294,288
1587,27630,259,293
1588,27632,289,295
1589,27636,267,280
1590,27838,248,259
1591,27839,260,245
1592,27840,263,281
1593,27841,269,262
1594,27846,281,283
1595,27848,268,240
1596,27849,235,263
1597,28086,246,238
1598,28087,265,287
1599,28088,259,303
1600,28089,286,263
1601,28090,267,265
1602,28091,242,255
1603,28093,259,261
1604,28094,289,273
1605,28095,269,273
1606,28096,251,273
1607,28097,252,263
1608,28098,266,282
1609,28099,273,273
1610,28153,237,253
1611,28154,336,338
1612,28156,267,275
1613,28157,248,243
1614,28158,236,256
1615,28159,220,247
1616,28160,260,266
1617,28161,249,274
1618,28162,267,270
1619,28163,261,264
1620,28164,305,304
1621,28165,294,291
1622,28167,283,284
1623,28168,278,260
1624,28169,250,272
1625,28170,264,281
1626,28171,248,269
1627,28172,272,273
1628,28174,257,254
1629,28175,278,273
1630,28176,289,267
1631,28177,269,286
1632,28178,261,298
1633,28179,251,275
1634,28180,311,321
1635,28181,237,269
1636,28182,274,293
1637,28239,258,242
1638,28240,247,262
1639,28241,252,262
1640,28242,295,300
1641,28244,283,270
1642,28245,261,272
1643,28246,312,287
1644,28247,294,299
1645,28248,273,265
1646,28249,271,265
1647,28250,271,289
1648,28252,257,277
1649,28253,282,282
1650,28254,260,293
1651,28255,263,275
1652,28256,300,280
1653,28257,259,248
1654,28258,275,299
1655,28259,242,252
1656,28260,228,235
1657,28261,287,300
1658,28262,264,275
1659,28263,276,286
1660,28264,291,290
1661,28265,283,313
1662,28266,248,269
1663,28267,306,285
1664,28268,251,239
1665,28269,266,260
1666,28270,286,293
1667,28271,302,283
1668,28272,232,248
1669,28273,259,265
1670,28274,247,251
1671,28275,275,269
1672,28276,261,229
1673,28278,288,296
1674,28279,258,245
1675,28280,262,272
1676,28281,278,307
1677,28282,258,270
1678,28283,288,303
1679,28284,294,301
1680,28285,277,296
1681,28286,319,337
1682,28287,299,315
1683,28288,254,260
1684,28290,275,274
1685,28291,301,316
1686,28292,300,293
1687,28293,270,293
1688,28294,299,299
1689,28295,273,282
1690,28296,285,297
1691,28297,285,290
1692,28298,292,328
1693,28300,259,246
1694,28301,273,278
1695,28302,240,264
1696,28303,238,266
1697,28304,292,298
1698,28305,249,268
1699,28307,249,281
1700,28309,285,289
1701,28310,246,263
1702,28311,291,261
1703,28312,233,251
1704,28313,266,273
1705,28499,264,270
1706,28500,299,309
1707,28501,283,278
1708,28502,262,285
1709,28503,298,314
1710,28504,283,305
1711,28505,268,250
1712,28506,280,305
1713,28508,265,240
1714,28512,277,300
1715,28513,253,326
1716,28514,279,310
1717,28515,253,273
1718,28517,258,277
1719,28518,286,295
1720,28519,237,252
1721,28520,287,290
1722,28521,271,271
1723,28522,310,310
1724,28523,275,277
1725,28524,280,302
1726,28561,332,338
1727,28562,219,213
1728,28563,240,271
1729,28564,232,250
1730,28565,254,232
1731,28566,263,256
1732,28567,285,310
1733,28568,233,254
1734,28569,278,308
1735,28570,282,264
1736,28571,278,318
1737,28572,315,336
1738,28573,290,286
1739,28574,258,265
1740,28589,275,285
1741,28590,285,282
1742,28591,307,288
1743,28592,262,274
1744,28593,248,268
1745,28594,255,275
1746,28595,265,278
1747,28596,273,255
1748,28597,244,268
1749,28598,253,249
1750,28599,265,281
1751,28600,281,269
1752,28601,255,249
1753,28602,285,282
1754,28603,258,254
1755,28604,269,276
1756,28605,271,273
1757,28606,258,269
1758,28607,255,259
1759,28608,267,268
1760,28609,230,265
1761,28611,291,287
1762,28612,258,258
1763,28613,284,247
1764,28614,258,253
1765,28615,276,289
1766,28616,247,275
1767,28679,255,243
1768,28680,251,257
1769,28681,264,293
1770,28682,281,272
1771,28683,260,271
1772,28684,243,284
1773,28685,248,265
1774,28686,273,279
1775,28687,256,277
1776,28688,277,277
1777,28689,258,285
1778,28691,243,265
1779,28692,253,249
1780,28693,301,313
1781,28694,260,269
1782,28695,280,268
1783,28698,274,278
1784,28720,250,269
1785,28721,239,256
1786,28722,277,284
1787,28723,286,270
1788,28724,249,250
1789,28725,263,280
1790,28726,251,253
1791,28728,286,287
1792,28729,318,306
1793,28730,253,246
1794,28731,243,246
1795,28732,254,250
1796,28733,240,231
1797,28734,279,298
1798,28735,289,295
1799,28736,271,294
1800,28737,273,303
1801,28738,266,255
1802,28739,286,303
1803,28740,230,225
1804,28742,245,272
1805,28743,260,248
1806,28745,251,268
1807,28746,270,260
1808,28747,254,252
1809,28748,281,273
1810,28749,288,295
1811,28750,282,285
1812,28751,294,302
1813,28766,265,275
1814,28816,266,272
1815,28817,286,284
1816,28818,267,285
1817,28819,272,282
1818,28820,264,270
1819,28821,267,246
1820,28822,303,334
1821,28824,272,282
1822,28825,264,284
1823,28826,236,289
1824,28827,282,310
1825,28828,259,247
1826,28829,281,276
1827,28830,277,271
1828,28832,272,281
1829,28833,258,266
1830,28834,268,281
1831,28835,261,253
1832,28836,268,243
1833,28837,277,284
1834,28840,288,278
1835,28841,260,235
1836,28842,273,274
1837,28843,256,279
1838,28844,245,241
1839,28845,256,271
1840,28847,273,262
1841,28848,266,251
1842,28849,274,279
1843,28850,262,292
1844,28851,270,279
1845,28852,273,256
1846,28853,274,284
1847,28854,281,283
1848,28855,255,272
1849,28856,279,259
1850,28857,256,275
1851,28951,271,279
1852,28958,249,287
1853,28959,278,295
1854,28960,257,281
1855,28961,291,311
1856,29013,268,283
1857,29014,232,250
1858,29016,267,286
1859,29017,283,307
1860,29018,253,252
1861,29019,287,320
1862,29021,264,283
1863,29022,243,237
1864,29023,253,287
1865,29025,253,275
1866,29026,252,283
1867,29027,268,302
1868,29067,268,275
1869,29069,267,255
1870,29070,275,304
1871,29071,257,268
1872,29072,246,263
1873,29100,262,260
1874,29106,265,247
1875,29120,226,237
1876,29121,290,300
1877,29122,269,264
1878,29124,263,258
1879,29125,243,254
1880,29127,280,290
1881,29129,277,264
1882,29284,265,275
1883,29285,304,314
1884,29286,249,254
1885,29287,276,275
1886,29289,254,235
1887,29290,250,258
1888,29291,271,265
1889,29292,269,272
1890,29293,260,261
1891,29294,265,289
1892,29295,266,272
1893,29296,292,284
1894,29298,255,278
1895,29299,281,316
1896,29337,261,278
1897,29338,279,263
1898,29367,261,266
1899,29368,250,289
1900,29369,247,271
1901,29370,277,280
1902,29371,286,276
1903,29372,238,230
1904,29373,278,288
1905,29374,278,293
1906,29375,268,296
1907,29376,276,303
1908,29377,239,259
1909,29378,293,310
1910,29379,247,254
1911,29380,298,309
1912,29381,304,320
1913,29382,252,245
1914,29383,293,320
1915,29384,275,261
1916,29385,249,265
1917,29386,264,258
1918,29387,292,282
1919,29388,293,332
1920,29389,255,289
1921,29390,279,279
1922,29391,282,270
1923,29392,260,284
1924,29393,278,266
1925,29394,282,293
1926,29395,291,292
1927,29396,288,299
1928,29397,258,257
1929,29398,261,273
1930,29399,275,299
1931,29400,246,274
1932,29401,256,270
1933,29402,249,300
1934,29404,264,265
1935,29405,258,270
1936,29406,270,299
1937,29407,260,273
1938,29408,278,300
1939,29409,278,282
1940,29410,288,356
1941,29455,263,251
1942,29456,302,307
1943,29459,282,269
1944,29461,279,301
1945,29462,288,292
1946,29463,265,328
1947,29464,296,288
1948,29465,264,290
1949,29466,266,293
1950,29467,259,263
1951,29468,268,279
1952,29469,263,260
1953,29470,259,255
1954,29471,299,338
1955,29472,269,293
1956,29473,260,263
1957,29474,296,287
1958,29475,301,304
1959,29476,263,274
1960,29477,269,279
1961,29478,292,280
1962,29479,295,293
1963,29481,253,265
1964,29482,270,258
1965,29483,293,325
1966,29484,272,275
1967,29485,254,288
1968,29486,301,309
1969,29487,285,304
1970,29488,272,265
1971,29489,271,285
1972,29490,255,271
1973,29491,245,244
1974,29492,305,284
1975,29493,275,288
1976,29494,279,278
1977,29495,278,281
1978,29496,259,268
1979,29497,248,271
1980,29498,280,298
1981,29501,290,312
1982,29502,291,287
1983,29503,285,299
1984,29511,270,280
1985,920103,272,279
